Duration in months,Credit amount,Purpose of the credit,Present employment(years),personal_status,Age in years,Job,Number of people being liable to provide maintenance for,Telephone,default
6,1169,radio/tv,>=7,male single,67,skilled,1,yes,0
48,5951,radio/tv,1<=X<4,female div/dep/mar,22,skilled,1,none,1
12,2096,education,4<=X<7,male single,49,unskilled resident,2,none,0
42,7882,furniture/equipment,4<=X<7,male single,45,skilled,2,none,0
24,4870,new car,1<=X<4,male single,53,skilled,2,none,1
36,9055,education,1<=X<4,male single,35,unskilled resident,2,yes,0
24,2835,furniture/equipment,>=7,male single,53,skilled,1,none,0
36,6948,used car,1<=X<4,male single,35,high qualif/self emp/mgmt,1,yes,0
12,3059,radio/tv,4<=X<7,male div/sep,61,unskilled resident,1,none,0
30,5234,new car,unemployed,male mar/wid,28,high qualif/self emp/mgmt,1,none,1
12,1295,new car,<1,female div/dep/mar,25,skilled,1,none,1
48,4308,business,<1,female div/dep/mar,24,skilled,1,none,1
12,1567,radio/tv,1<=X<4,female div/dep/mar,22,skilled,1,yes,0
24,1199,new car,>=7,male single,60,unskilled resident,1,none,1
15,1403,new car,1<=X<4,female div/dep/mar,28,skilled,1,none,0
24,1282,radio/tv,1<=X<4,female div/dep/mar,32,unskilled resident,1,none,1
24,2424,radio/tv,>=7,male single,53,skilled,1,none,0
30,8072,business,<1,male single,25,skilled,1,none,0
24,12579,used car,>=7,female div/dep/mar,44,high qualif/self emp/mgmt,1,yes,1
24,3430,radio/tv,>=7,male single,31,skilled,2,yes,0
9,2134,new car,1<=X<4,male single,48,skilled,1,yes,0
6,2647,radio/tv,1<=X<4,male single,44,skilled,2,none,0
10,2241,new car,<1,male single,48,unskilled resident,2,none,0
12,1804,used car,<1,male single,44,skilled,1,none,0
10,2069,furniture/equipment,1<=X<4,male mar/wid,26,skilled,1,none,0
6,1374,furniture/equipment,1<=X<4,male single,36,unskilled resident,1,yes,0
6,426,radio/tv,>=7,male mar/wid,39,unskilled resident,1,none,0
12,409,radio/tv,1<=X<4,female div/dep/mar,42,skilled,1,none,0
7,2415,radio/tv,1<=X<4,male single,34,skilled,1,none,0
60,6836,business,>=7,male single,63,skilled,1,yes,1
18,1913,business,<1,male mar/wid,36,skilled,1,yes,0
24,4020,furniture/equipment,1<=X<4,male single,27,skilled,1,none,0
18,5866,new car,1<=X<4,male single,30,skilled,1,yes,0
12,1264,business,>=7,male single,57,unskilled resident,1,none,0
12,1474,furniture/equipment,<1,female div/dep/mar,33,high qualif/self emp/mgmt,1,yes,0
45,4746,radio/tv,<1,male single,25,unskilled resident,1,none,1
48,6110,education,1<=X<4,male single,31,skilled,1,yes,0
18,2100,radio/tv,1<=X<4,male single,37,skilled,1,none,1
10,1225,domestic appliance,1<=X<4,male single,37,skilled,1,yes,0
9,458,radio/tv,1<=X<4,male single,24,skilled,1,none,0
30,2333,radio/tv,>=7,male single,30,high qualif/self emp/mgmt,1,none,0
12,1158,radio/tv,1<=X<4,male div/sep,26,skilled,1,yes,0
18,6204,repairs,1<=X<4,male single,44,unskilled resident,2,yes,0
30,6187,used car,4<=X<7,male mar/wid,24,skilled,1,none,0
48,6143,used car,>=7,female div/dep/mar,58,unskilled resident,1,none,1
11,1393,new car,<1,female div/dep/mar,35,high qualif/self emp/mgmt,1,none,0
36,2299,radio/tv,>=7,male single,39,skilled,1,none,0
6,1352,used car,unemployed,female div/dep/mar,23,unemp/unskilled non res,1,yes,0
11,7228,new car,1<=X<4,male single,39,unskilled resident,1,none,0
12,2073,radio/tv,1<=X<4,female div/dep/mar,28,skilled,1,none,0
24,2333,furniture/equipment,<1,male single,29,unskilled resident,1,none,0
27,5965,used car,>=7,male single,30,high qualif/self emp/mgmt,1,yes,0
12,1262,radio/tv,1<=X<4,male single,25,skilled,1,none,0
18,3378,used car,1<=X<4,male single,31,skilled,1,yes,0
36,2225,new car,>=7,male single,57,skilled,1,yes,1
6,783,new car,1<=X<4,male single,26,unskilled resident,2,none,0
12,6468,radio/tv,unemployed,male single,52,high qualif/self emp/mgmt,1,yes,1
36,9566,radio/tv,1<=X<4,female div/dep/mar,31,skilled,1,none,0
18,1961,new car,>=7,female div/dep/mar,23,high qualif/self emp/mgmt,1,none,0
36,6229,furniture/equipment,<1,female div/dep/mar,23,unskilled resident,1,yes,1
9,1391,business,1<=X<4,male mar/wid,27,skilled,1,yes,0
15,1537,radio/tv,>=7,male single,50,skilled,1,yes,0
36,1953,business,>=7,male single,61,high qualif/self emp/mgmt,1,yes,1
48,14421,business,1<=X<4,male single,25,skilled,1,yes,1
24,3181,radio/tv,<1,female div/dep/mar,26,skilled,1,yes,0
27,5190,repairs,>=7,male single,48,skilled,2,yes,0
12,2171,radio/tv,<1,female div/dep/mar,29,skilled,1,none,0
12,1007,new car,1<=X<4,male mar/wid,22,skilled,1,none,0
36,1819,education,1<=X<4,male single,37,skilled,1,yes,1
36,2394,radio/tv,1<=X<4,female div/dep/mar,25,skilled,1,none,0
36,8133,used car,1<=X<4,female div/dep/mar,30,skilled,1,none,0
7,730,radio/tv,>=7,male single,46,unskilled resident,1,yes,0
8,1164,other,>=7,male single,51,high qualif/self emp/mgmt,2,yes,0
42,5954,business,4<=X<7,female div/dep/mar,41,unskilled resident,1,none,0
36,1977,education,>=7,male single,40,high qualif/self emp/mgmt,1,yes,1
12,1526,used car,>=7,male single,66,high qualif/self emp/mgmt,1,none,0
42,3965,radio/tv,<1,male single,34,skilled,1,none,1
11,4771,radio/tv,4<=X<7,male single,51,skilled,1,none,0
54,9436,used car,1<=X<4,male single,39,unskilled resident,2,none,0
30,3832,furniture/equipment,<1,male mar/wid,22,skilled,1,none,0
24,5943,radio/tv,<1,female div/dep/mar,44,skilled,1,yes,1
15,1213,radio/tv,>=7,male single,47,skilled,1,yes,0
18,1568,business,1<=X<4,female div/dep/mar,24,unskilled resident,1,none,0
24,1755,other,>=7,female div/dep/mar,58,unskilled resident,1,yes,0
10,2315,radio/tv,>=7,male single,52,unskilled resident,1,none,0
12,1412,business,1<=X<4,female div/dep/mar,29,high qualif/self emp/mgmt,1,yes,0
18,1295,furniture/equipment,<1,female div/dep/mar,27,skilled,1,none,0
36,12612,education,1<=X<4,male single,47,skilled,2,yes,1
18,2249,new car,4<=X<7,male single,30,high qualif/self emp/mgmt,2,yes,0
12,1108,repairs,4<=X<7,male single,28,skilled,1,none,1
12,618,radio/tv,>=7,male single,56,skilled,1,none,0
12,1409,used car,>=7,male single,54,skilled,1,none,0
12,797,radio/tv,>=7,female div/dep/mar,33,unskilled resident,2,none,1
24,3617,furniture/equipment,>=7,male single,20,skilled,1,none,0
12,1318,new car,>=7,male single,54,skilled,1,yes,0
54,15945,business,<1,male single,58,skilled,1,yes,1
12,2012,education,4<=X<7,female div/dep/mar,61,skilled,1,none,0
18,2622,business,1<=X<4,male single,34,skilled,1,none,0
36,2337,radio/tv,>=7,male single,36,skilled,1,none,0
20,7057,used car,4<=X<7,male single,36,high qualif/self emp/mgmt,2,yes,0
24,1469,new car,>=7,male mar/wid,41,unskilled resident,1,none,0
36,2323,radio/tv,4<=X<7,male single,24,skilled,1,none,0
6,932,radio/tv,1<=X<4,female div/dep/mar,24,skilled,1,none,0
9,1919,furniture/equipment,4<=X<7,male single,35,skilled,1,yes,0
12,2445,used car,<1,male mar/wid,26,skilled,1,yes,0
24,11938,other,1<=X<4,male single,39,high qualif/self emp/mgmt,2,yes,1
18,6458,new car,>=7,male single,39,high qualif/self emp/mgmt,2,yes,1
12,6078,new car,4<=X<7,male single,32,skilled,1,none,0
24,7721,furniture/equipment,<1,female div/dep/mar,30,skilled,1,yes,0
14,1410,business,>=7,male mar/wid,35,skilled,1,yes,0
6,1449,business,>=7,male div/sep,31,skilled,2,none,0
15,392,education,<1,female div/dep/mar,23,skilled,1,yes,0
18,6260,new car,4<=X<7,male single,28,unskilled resident,1,none,0
36,7855,new car,1<=X<4,female div/dep/mar,25,skilled,1,yes,1
12,1680,radio/tv,>=7,male mar/wid,35,skilled,1,none,0
48,3578,radio/tv,>=7,male single,47,skilled,1,yes,0
42,7174,radio/tv,4<=X<7,female div/dep/mar,30,high qualif/self emp/mgmt,1,yes,1
10,2132,furniture/equipment,<1,female div/dep/mar,27,skilled,1,none,0
33,4281,furniture/equipment,1<=X<4,female div/dep/mar,23,skilled,1,none,1
12,2366,new car,4<=X<7,male div/sep,36,high qualif/self emp/mgmt,1,yes,0
21,1835,radio/tv,1<=X<4,female div/dep/mar,25,skilled,1,yes,1
24,3868,used car,>=7,female div/dep/mar,41,high qualif/self emp/mgmt,1,yes,0
12,1768,furniture/equipment,1<=X<4,male single,24,unskilled resident,1,none,0
10,781,new car,>=7,male single,63,skilled,1,yes,0
18,1924,furniture/equipment,<1,female div/dep/mar,27,skilled,1,none,1
12,2121,new car,1<=X<4,male single,30,skilled,1,none,0
12,701,radio/tv,1<=X<4,male mar/wid,40,unskilled resident,1,none,0
12,639,repairs,1<=X<4,male single,30,skilled,1,none,1
12,1860,used car,unemployed,male single,34,high qualif/self emp/mgmt,1,yes,0
12,3499,new car,1<=X<4,female div/dep/mar,29,skilled,1,none,1
48,8487,new car,4<=X<7,female div/dep/mar,24,skilled,1,none,0
36,6887,education,1<=X<4,male single,29,skilled,1,yes,1
15,2708,furniture/equipment,<1,male single,27,unskilled resident,1,none,0
18,1984,furniture/equipment,1<=X<4,male single,47,skilled,1,none,0
60,10144,radio/tv,4<=X<7,female div/dep/mar,21,skilled,1,yes,0
12,1240,radio/tv,>=7,female div/dep/mar,38,skilled,1,yes,0
27,8613,used car,1<=X<4,male single,27,skilled,1,none,0
12,766,radio/tv,1<=X<4,male single,66,unskilled resident,1,none,1
15,2728,radio/tv,4<=X<7,male single,35,skilled,1,yes,0
12,1881,radio/tv,1<=X<4,female div/dep/mar,44,unskilled resident,1,yes,0
6,709,new car,<1,male mar/wid,27,unemp/unskilled non res,1,none,0
36,4795,radio/tv,<1,female div/dep/mar,30,high qualif/self emp/mgmt,1,yes,0
27,3416,radio/tv,1<=X<4,male single,27,high qualif/self emp/mgmt,1,none,0
18,2462,furniture/equipment,1<=X<4,male single,22,skilled,1,none,1
21,2288,furniture/equipment,<1,female div/dep/mar,23,skilled,1,yes,0
48,3566,business,4<=X<7,male single,30,skilled,1,none,0
6,860,new car,>=7,female div/dep/mar,39,skilled,1,yes,0
12,682,new car,4<=X<7,female div/dep/mar,51,skilled,1,yes,0
36,5371,furniture/equipment,1<=X<4,male single,28,skilled,1,none,0
18,1582,radio/tv,>=7,male single,46,skilled,1,none,0
6,1346,radio/tv,>=7,male single,42,skilled,2,yes,0
10,1924,radio/tv,1<=X<4,male single,38,skilled,1,yes,0
36,5848,radio/tv,1<=X<4,male single,24,skilled,1,none,0
24,7758,used car,>=7,female div/dep/mar,29,skilled,1,none,0
24,6967,business,4<=X<7,male single,36,high qualif/self emp/mgmt,1,yes,0
12,1282,furniture/equipment,1<=X<4,female div/dep/mar,20,skilled,1,none,1
9,1288,repairs,>=7,male single,48,skilled,2,none,0
12,339,retraining,>=7,male mar/wid,45,unskilled resident,1,none,0
24,3512,new car,4<=X<7,male single,38,skilled,1,yes,0
6,1898,radio/tv,1<=X<4,male single,34,unskilled resident,2,none,0
24,2872,radio/tv,>=7,male single,36,skilled,2,yes,0
18,1055,new car,<1,female div/dep/mar,30,skilled,1,none,0
15,1262,domestic appliance,4<=X<7,male single,36,skilled,1,yes,0
10,7308,new car,unemployed,male single,70,high qualif/self emp/mgmt,1,yes,0
36,909,new car,>=7,male single,36,skilled,1,none,0
6,2978,furniture/equipment,1<=X<4,male single,32,skilled,1,yes,0
18,1131,furniture/equipment,unemployed,female div/dep/mar,33,skilled,1,none,1
11,1577,furniture/equipment,<1,female div/dep/mar,20,skilled,1,none,0
24,3972,furniture/equipment,4<=X<7,female div/dep/mar,25,skilled,1,yes,0
24,1935,business,>=7,male div/sep,31,skilled,1,yes,1
15,950,new car,>=7,male single,33,skilled,2,none,1
12,763,furniture/equipment,1<=X<4,female div/dep/mar,26,skilled,1,yes,0
24,2064,furniture/equipment,unemployed,female div/dep/mar,34,high qualif/self emp/mgmt,1,yes,1
8,1414,radio/tv,1<=X<4,male single,33,skilled,1,none,0
21,3414,education,<1,male single,26,skilled,1,none,1
30,7485,used car,unemployed,female div/dep/mar,53,high qualif/self emp/mgmt,1,yes,1
12,2577,furniture/equipment,1<=X<4,male div/sep,42,skilled,1,none,0
6,338,radio/tv,>=7,male single,52,skilled,1,none,0
12,1963,radio/tv,4<=X<7,male single,31,high qualif/self emp/mgmt,2,yes,0
21,571,new car,>=7,male single,65,skilled,1,none,0
36,9572,business,<1,male div/sep,28,skilled,1,none,1
36,4455,business,1<=X<4,male div/sep,30,high qualif/self emp/mgmt,1,yes,1
21,1647,new car,1<=X<4,male single,40,unskilled resident,2,none,1
24,3777,furniture/equipment,1<=X<4,male single,50,skilled,1,yes,0
18,884,new car,>=7,male single,36,skilled,2,yes,1
15,1360,radio/tv,1<=X<4,male single,31,skilled,1,none,0
9,5129,used car,>=7,female div/dep/mar,74,high qualif/self emp/mgmt,2,yes,1
16,1175,new car,unemployed,male single,68,unemp/unskilled non res,1,yes,0
12,674,radio/tv,4<=X<7,male mar/wid,20,skilled,1,none,1
18,3244,furniture/equipment,1<=X<4,female div/dep/mar,33,skilled,1,yes,0
24,4591,business,1<=X<4,male single,54,high qualif/self emp/mgmt,1,yes,1
48,3844,business,4<=X<7,male single,34,unskilled resident,2,none,1
27,3915,business,1<=X<4,male single,36,skilled,2,yes,1
6,2108,radio/tv,4<=X<7,male mar/wid,29,skilled,1,none,0
45,3031,radio/tv,1<=X<4,male single,21,skilled,1,none,1
9,1501,education,>=7,female div/dep/mar,34,high qualif/self emp/mgmt,1,yes,1
6,1382,radio/tv,1<=X<4,female div/dep/mar,28,skilled,1,yes,0
12,951,furniture/equipment,<1,female div/dep/mar,27,skilled,1,none,1
24,2760,used car,>=7,male single,36,skilled,1,yes,0
18,4297,furniture/equipment,>=7,male div/sep,40,high qualif/self emp/mgmt,1,yes,1
9,936,education,>=7,male single,52,skilled,1,yes,0
12,1168,new car,1<=X<4,male mar/wid,27,unskilled resident,1,none,0
27,5117,business,4<=X<7,male single,26,skilled,1,none,0
12,902,retraining,4<=X<7,male mar/wid,21,skilled,1,none,1
12,1495,new car,>=7,male single,38,unskilled resident,2,none,0
30,10623,used car,>=7,male single,38,high qualif/self emp/mgmt,2,yes,0
12,1935,furniture/equipment,>=7,male single,43,skilled,1,yes,0
12,1424,domestic appliance,4<=X<7,male single,26,skilled,1,none,0
24,6568,business,1<=X<4,male mar/wid,21,unskilled resident,1,none,0
12,1413,used car,4<=X<7,male single,55,skilled,1,none,0
9,3074,radio/tv,1<=X<4,male single,33,skilled,2,none,0
36,3835,radio/tv,>=7,female div/dep/mar,45,unskilled resident,1,yes,0
27,5293,business,unemployed,male single,50,skilled,1,yes,1
30,1908,business,>=7,male single,66,high qualif/self emp/mgmt,1,yes,1
36,3342,radio/tv,>=7,male single,51,skilled,1,yes,0
6,932,retraining,4<=X<7,female div/dep/mar,39,unskilled resident,1,none,0
18,3104,business,4<=X<7,male single,31,skilled,1,yes,0
36,3913,radio/tv,1<=X<4,male single,23,skilled,1,yes,0
24,3021,furniture/equipment,1<=X<4,male div/sep,24,unskilled resident,1,none,0
10,1364,new car,1<=X<4,female div/dep/mar,64,skilled,1,yes,0
12,625,radio/tv,<1,male mar/wid,26,unskilled resident,1,none,0
12,1200,education,1<=X<4,female div/dep/mar,23,skilled,1,yes,0
12,707,radio/tv,1<=X<4,male single,30,skilled,1,none,0
24,2978,business,1<=X<4,male single,32,skilled,2,yes,0
15,4657,used car,1<=X<4,male single,30,skilled,1,yes,0
36,2613,repairs,1<=X<4,male single,27,skilled,1,none,0
48,10961,radio/tv,4<=X<7,male single,27,skilled,1,yes,1
12,7865,furniture/equipment,>=7,male single,53,high qualif/self emp/mgmt,1,yes,1
9,1478,radio/tv,4<=X<7,male single,22,skilled,1,none,1
24,3149,furniture/equipment,<1,male single,22,skilled,1,none,0
36,4210,radio/tv,1<=X<4,male single,26,skilled,1,none,1
9,2507,new car,>=7,male single,51,unskilled resident,1,none,0
12,2141,radio/tv,4<=X<7,male single,35,skilled,1,none,0
18,866,radio/tv,1<=X<4,male mar/wid,25,unskilled resident,1,none,0
4,1544,radio/tv,4<=X<7,male single,42,unskilled resident,2,none,0
24,1823,radio/tv,unemployed,male single,30,high qualif/self emp/mgmt,2,none,1
6,14555,new car,unemployed,male single,23,unemp/unskilled non res,1,yes,1
21,2767,business,>=7,male div/sep,61,unskilled resident,1,none,1
12,1291,radio/tv,1<=X<4,female div/dep/mar,35,skilled,1,none,0
30,2522,radio/tv,>=7,male single,39,skilled,2,none,0
24,915,new car,>=7,female div/dep/mar,29,skilled,1,none,1
6,1595,radio/tv,4<=X<7,male single,51,skilled,2,none,0
48,4605,used car,>=7,male single,24,skilled,2,none,1
12,1185,business,1<=X<4,female div/dep/mar,27,skilled,1,none,0
12,3447,retraining,1<=X<4,female div/dep/mar,35,unskilled resident,2,none,0
24,1258,business,4<=X<7,male single,25,skilled,1,yes,0
12,717,radio/tv,>=7,male single,52,skilled,1,none,0
6,1204,new car,1<=X<4,male single,35,skilled,1,none,0
24,1925,furniture/equipment,1<=X<4,male single,26,skilled,1,none,0
18,433,radio/tv,unemployed,female div/dep/mar,22,skilled,1,none,1
6,666,new car,4<=X<7,female div/dep/mar,39,unskilled resident,1,yes,0
12,2251,furniture/equipment,1<=X<4,female div/dep/mar,46,unskilled resident,1,none,0
30,2150,new car,1<=X<4,female div/dep/mar,24,skilled,1,none,1
24,4151,furniture/equipment,1<=X<4,male single,35,skilled,1,none,0
9,2030,furniture/equipment,4<=X<7,male single,24,skilled,1,yes,0
60,7418,radio/tv,1<=X<4,male single,27,unskilled resident,1,none,0
24,2684,radio/tv,1<=X<4,male single,35,unskilled resident,1,none,0
12,2149,radio/tv,1<=X<4,male div/sep,29,skilled,1,none,1
15,3812,used car,<1,female div/dep/mar,23,skilled,1,yes,0
11,1154,radio/tv,unemployed,female div/dep/mar,57,unskilled resident,1,none,0
12,1657,furniture/equipment,1<=X<4,male single,27,skilled,1,none,0
24,1603,radio/tv,>=7,female div/dep/mar,55,skilled,1,none,0
18,5302,new car,>=7,male single,36,high qualif/self emp/mgmt,1,yes,0
12,2748,education,>=7,female div/dep/mar,57,unskilled resident,1,none,0
10,1231,new car,>=7,male single,32,unskilled resident,2,none,0
15,802,radio/tv,>=7,male single,37,skilled,2,none,1
36,6304,business,>=7,male single,36,skilled,1,none,0
24,1533,radio/tv,<1,female div/dep/mar,38,skilled,1,yes,0
14,8978,new car,>=7,male div/sep,45,high qualif/self emp/mgmt,1,yes,1
24,999,radio/tv,>=7,male single,25,skilled,1,none,0
18,2662,new car,4<=X<7,male single,32,skilled,1,none,0
12,1402,furniture/equipment,4<=X<7,female div/dep/mar,37,skilled,1,yes,0
48,12169,new car,unemployed,male single,36,high qualif/self emp/mgmt,1,yes,0
48,3060,radio/tv,4<=X<7,male single,28,skilled,1,none,1
30,11998,repairs,<1,male div/sep,34,unskilled resident,1,yes,1
9,2697,radio/tv,1<=X<4,male single,32,skilled,2,none,0
18,2404,radio/tv,1<=X<4,female div/dep/mar,26,skilled,1,none,0
12,1262,furniture/equipment,>=7,male div/sep,49,unskilled resident,1,yes,0
6,4611,furniture/equipment,<1,female div/dep/mar,32,skilled,1,none,1
24,1901,radio/tv,1<=X<4,male single,29,high qualif/self emp/mgmt,1,yes,0
15,3368,used car,>=7,male single,23,skilled,1,yes,0
12,1574,furniture/equipment,1<=X<4,male single,50,skilled,1,none,0
18,1445,radio/tv,4<=X<7,male single,49,unskilled resident,1,none,0
15,1520,furniture/equipment,>=7,male single,63,skilled,1,none,0
24,3878,new car,<1,male div/sep,37,skilled,1,yes,0
47,10722,new car,<1,female div/dep/mar,35,unskilled resident,1,yes,0
48,4788,used car,4<=X<7,male single,26,skilled,2,none,0
48,7582,other,unemployed,male single,31,high qualif/self emp/mgmt,1,yes,0
12,1092,radio/tv,1<=X<4,female div/dep/mar,49,skilled,1,yes,0
24,1024,radio/tv,<1,male mar/wid,48,skilled,1,none,1
12,1076,business,1<=X<4,male mar/wid,26,skilled,1,yes,0
36,9398,used car,<1,male mar/wid,28,high qualif/self emp/mgmt,1,yes,1
24,6419,used car,>=7,female div/dep/mar,44,high qualif/self emp/mgmt,2,yes,0
42,4796,used car,>=7,male single,56,skilled,1,none,0
48,7629,business,>=7,male div/sep,46,high qualif/self emp/mgmt,2,none,0
48,9960,furniture/equipment,<1,female div/dep/mar,26,skilled,1,yes,1
12,4675,used car,<1,female div/dep/mar,20,skilled,1,none,0
10,1287,new car,>=7,male single,45,unskilled resident,1,none,0
18,2515,furniture/equipment,1<=X<4,male single,43,skilled,1,yes,0
21,2745,furniture/equipment,4<=X<7,male single,32,skilled,1,yes,0
6,672,new car,unemployed,female div/dep/mar,54,unemp/unskilled non res,1,yes,0
36,3804,radio/tv,1<=X<4,female div/dep/mar,42,skilled,1,yes,1
24,1344,new car,4<=X<7,male single,37,unskilled resident,2,none,1
10,1038,new car,4<=X<7,male single,49,skilled,1,yes,0
48,10127,new car,1<=X<4,male single,44,skilled,1,none,1
6,1543,furniture/equipment,1<=X<4,male div/sep,33,skilled,1,none,0
30,4811,used car,4<=X<7,female div/dep/mar,24,unskilled resident,1,none,0
12,727,radio/tv,<1,male mar/wid,33,unskilled resident,1,yes,1
8,1237,furniture/equipment,1<=X<4,female div/dep/mar,24,skilled,1,none,1
9,276,new car,1<=X<4,male mar/wid,22,unskilled resident,1,none,0
48,5381,other,unemployed,male single,40,unemp/unskilled non res,1,yes,0
24,5511,furniture/equipment,1<=X<4,male single,25,skilled,1,none,0
24,3749,furniture/equipment,<1,female div/dep/mar,26,skilled,1,none,0
12,685,new car,4<=X<7,male mar/wid,25,unskilled resident,1,none,1
4,1494,new car,<1,male single,29,unskilled resident,2,none,0
36,2746,furniture/equipment,>=7,male single,31,skilled,1,none,1
12,708,furniture/equipment,1<=X<4,male single,38,unskilled resident,2,none,0
24,4351,furniture/equipment,1<=X<4,female div/dep/mar,48,unskilled resident,1,yes,0
12,701,education,1<=X<4,male single,32,skilled,1,none,0
15,3643,furniture/equipment,>=7,female div/dep/mar,27,unskilled resident,1,none,0
30,4249,new car,unemployed,male mar/wid,28,high qualif/self emp/mgmt,1,none,1
24,1938,radio/tv,<1,male div/sep,32,skilled,1,none,1
24,2910,used car,4<=X<7,male single,34,high qualif/self emp/mgmt,1,yes,0
18,2659,furniture/equipment,1<=X<4,male single,28,skilled,1,none,0
18,1028,new car,1<=X<4,female div/dep/mar,36,skilled,1,none,0
8,3398,new car,4<=X<7,male single,39,unskilled resident,1,none,0
12,5801,furniture/equipment,>=7,male single,49,skilled,1,yes,0
24,1525,new car,4<=X<7,female div/dep/mar,34,skilled,2,yes,0
36,4473,radio/tv,>=7,male single,31,skilled,1,none,0
6,1068,radio/tv,>=7,male single,28,skilled,2,none,0
24,6615,used car,unemployed,male single,75,high qualif/self emp/mgmt,1,yes,0
18,1864,education,1<=X<4,female div/dep/mar,30,skilled,1,none,1
60,7408,new car,<1,female div/dep/mar,24,high qualif/self emp/mgmt,1,none,1
48,11590,used car,1<=X<4,female div/dep/mar,24,unskilled resident,1,none,1
24,4110,furniture/equipment,>=7,male single,23,skilled,2,none,1
6,3384,furniture/equipment,1<=X<4,male div/sep,44,high qualif/self emp/mgmt,1,yes,1
13,2101,radio/tv,<1,female div/dep/mar,23,unskilled resident,1,none,0
15,1275,domestic appliance,1<=X<4,female div/dep/mar,24,skilled,1,none,1
24,4169,furniture/equipment,1<=X<4,male single,28,skilled,1,none,0
10,1521,furniture/equipment,1<=X<4,male div/sep,31,unskilled resident,1,none,0
24,5743,education,<1,female div/dep/mar,24,skilled,1,yes,0
21,3599,furniture/equipment,4<=X<7,female div/dep/mar,26,unskilled resident,1,none,0
18,3213,radio/tv,<1,male mar/wid,25,skilled,1,none,0
18,4439,business,>=7,male single,33,high qualif/self emp/mgmt,1,yes,0
10,3949,new car,<1,male single,37,unskilled resident,2,none,0
15,1459,radio/tv,1<=X<4,female div/dep/mar,43,unskilled resident,1,none,0
13,882,radio/tv,<1,male single,23,skilled,1,none,0
24,3758,radio/tv,unemployed,female div/dep/mar,23,unemp/unskilled non res,1,none,0
6,1743,business,1<=X<4,male single,34,unskilled resident,1,none,0
9,1136,education,>=7,male single,32,skilled,2,none,1
9,1236,domestic appliance,<1,female div/dep/mar,23,skilled,1,yes,0
9,959,furniture/equipment,1<=X<4,female div/dep/mar,29,skilled,1,none,1
18,3229,used car,unemployed,male single,38,high qualif/self emp/mgmt,1,yes,0
12,6199,radio/tv,1<=X<4,male single,28,skilled,1,yes,1
10,727,education,>=7,male single,46,skilled,1,yes,0
24,1246,new car,<1,male single,23,unskilled resident,1,none,1
12,2331,radio/tv,>=7,male single,49,skilled,1,yes,0
36,4463,radio/tv,1<=X<4,male single,26,high qualif/self emp/mgmt,1,yes,1
12,776,radio/tv,1<=X<4,male mar/wid,28,skilled,1,none,0
30,2406,furniture/equipment,4<=X<7,female div/dep/mar,23,skilled,1,none,1
18,1239,education,1<=X<4,male single,61,skilled,1,none,0
12,3399,radio/tv,>=7,male single,37,high qualif/self emp/mgmt,1,none,0
12,2247,new car,1<=X<4,female div/dep/mar,36,skilled,1,yes,0
6,1766,furniture/equipment,1<=X<4,male mar/wid,21,skilled,1,none,0
18,2473,furniture/equipment,unemployed,male single,25,unemp/unskilled non res,1,none,1
12,1542,business,4<=X<7,male single,36,skilled,1,yes,0
18,3850,used car,4<=X<7,male single,27,skilled,1,none,0
18,3650,furniture/equipment,<1,female div/dep/mar,22,skilled,1,none,0
36,3446,furniture/equipment,>=7,male single,42,skilled,2,none,1
18,3001,furniture/equipment,4<=X<7,female div/dep/mar,40,skilled,1,none,0
36,3079,new car,1<=X<4,male single,36,skilled,1,none,0
18,6070,radio/tv,>=7,male single,33,skilled,1,yes,0
10,2146,furniture/equipment,<1,female div/dep/mar,23,skilled,1,none,0
60,13756,new car,>=7,male single,63,high qualif/self emp/mgmt,1,yes,0
60,14782,other,>=7,female div/dep/mar,60,high qualif/self emp/mgmt,1,yes,1
48,7685,business,4<=X<7,female div/dep/mar,37,skilled,1,none,1
18,2320,radio/tv,unemployed,male mar/wid,34,skilled,1,none,0
7,846,radio/tv,>=7,male single,36,skilled,1,none,0
36,14318,new car,>=7,male single,57,high qualif/self emp/mgmt,1,yes,1
6,362,new car,1<=X<4,female div/dep/mar,52,unskilled resident,1,none,0
20,2212,furniture/equipment,4<=X<7,male single,39,skilled,1,yes,0
18,12976,used car,unemployed,female div/dep/mar,38,high qualif/self emp/mgmt,1,yes,1
22,1283,new car,4<=X<7,female div/dep/mar,25,skilled,1,none,0
12,1330,new car,<1,male single,26,skilled,1,none,0
30,4272,business,1<=X<4,male single,26,unskilled resident,1,none,0
18,2238,radio/tv,1<=X<4,female div/dep/mar,25,skilled,1,none,0
18,1126,radio/tv,<1,female div/dep/mar,21,skilled,1,yes,0
18,7374,furniture/equipment,unemployed,male single,40,high qualif/self emp/mgmt,1,yes,0
15,2326,business,1<=X<4,male single,27,skilled,1,none,0
9,1449,business,4<=X<7,female div/dep/mar,27,skilled,1,none,0
18,1820,new car,1<=X<4,male mar/wid,30,high qualif/self emp/mgmt,1,yes,0
12,983,furniture/equipment,<1,female div/dep/mar,19,unskilled resident,1,none,0
36,3249,new car,4<=X<7,male single,39,high qualif/self emp/mgmt,2,yes,0
6,1957,radio/tv,4<=X<7,female div/dep/mar,31,skilled,1,none,0
9,2406,furniture/equipment,unemployed,male single,31,high qualif/self emp/mgmt,1,none,0
39,11760,education,4<=X<7,male single,32,skilled,1,yes,0
12,2578,furniture/equipment,unemployed,female div/dep/mar,55,high qualif/self emp/mgmt,1,none,0
36,2348,furniture/equipment,1<=X<4,male mar/wid,46,skilled,1,yes,0
12,1223,new car,>=7,male div/sep,46,skilled,1,none,1
24,1516,radio/tv,1<=X<4,female div/dep/mar,43,unskilled resident,1,none,0
18,1473,radio/tv,<1,male mar/wid,39,skilled,1,yes,0
18,1887,business,1<=X<4,male mar/wid,28,skilled,1,none,0
24,8648,business,<1,male single,27,skilled,1,yes,1
14,802,new car,1<=X<4,male single,27,unskilled resident,1,none,0
18,2899,new car,>=7,male single,43,skilled,2,none,0
24,2039,radio/tv,<1,male mar/wid,22,skilled,1,yes,1
24,2197,used car,4<=X<7,male single,43,skilled,2,yes,0
15,1053,radio/tv,<1,male mar/wid,27,skilled,1,none,0
24,3235,radio/tv,>=7,male div/sep,26,high qualif/self emp/mgmt,1,yes,0
12,939,new car,4<=X<7,male mar/wid,28,skilled,1,yes,1
24,1967,radio/tv,>=7,female div/dep/mar,20,skilled,1,yes,0
33,7253,used car,4<=X<7,male single,35,high qualif/self emp/mgmt,1,yes,0
12,2292,business,unemployed,male single,42,high qualif/self emp/mgmt,1,yes,1
10,1597,new car,1<=X<4,male single,40,unskilled resident,2,none,0
24,1381,new car,1<=X<4,female div/dep/mar,35,skilled,1,none,1
36,5842,used car,>=7,male single,35,skilled,2,yes,0
12,2579,new car,<1,male single,33,unskilled resident,2,none,1
18,8471,education,1<=X<4,female div/dep/mar,23,skilled,1,yes,0
21,2782,new car,4<=X<7,female div/dep/mar,31,high qualif/self emp/mgmt,1,none,0
18,1042,new car,1<=X<4,female div/dep/mar,33,skilled,1,none,1
15,3186,new car,4<=X<7,female div/dep/mar,20,skilled,1,none,0
12,2028,used car,1<=X<4,male single,30,skilled,1,none,0
12,958,new car,4<=X<7,male single,47,unskilled resident,2,none,0
21,1591,furniture/equipment,4<=X<7,male single,34,high qualif/self emp/mgmt,1,none,0
12,2762,furniture/equipment,>=7,female div/dep/mar,25,skilled,1,yes,1
18,2779,used car,1<=X<4,male mar/wid,21,skilled,1,yes,0
28,2743,radio/tv,>=7,male single,29,skilled,1,none,0
18,1149,radio/tv,1<=X<4,male single,46,skilled,1,none,0
9,1313,furniture/equipment,>=7,male single,20,skilled,1,none,0
18,1190,repairs,unemployed,female div/dep/mar,55,unemp/unskilled non res,2,none,1
5,3448,business,4<=X<7,male single,74,unskilled resident,1,none,0
24,11328,other,1<=X<4,male single,29,high qualif/self emp/mgmt,1,yes,1
6,1872,furniture/equipment,unemployed,male single,36,high qualif/self emp/mgmt,1,yes,0
24,2058,repairs,1<=X<4,male div/sep,33,skilled,1,yes,0
9,2136,furniture/equipment,1<=X<4,male single,25,skilled,1,none,0
12,1484,radio/tv,1<=X<4,male mar/wid,25,skilled,1,yes,1
6,660,repairs,4<=X<7,male mar/wid,23,unskilled resident,1,none,0
24,1287,new car,>=7,female div/dep/mar,37,skilled,1,yes,0
42,3394,repairs,unemployed,male single,65,unemp/unskilled non res,1,none,0
12,609,business,<1,female div/dep/mar,26,unemp/unskilled non res,1,none,1
12,1884,new car,>=7,male single,39,high qualif/self emp/mgmt,1,yes,0
12,1620,furniture/equipment,1<=X<4,female div/dep/mar,30,skilled,1,none,0
20,2629,other,1<=X<4,male single,29,skilled,1,yes,0
12,719,education,>=7,male single,41,unskilled resident,2,none,1
48,5096,furniture/equipment,1<=X<4,female div/dep/mar,30,high qualif/self emp/mgmt,1,yes,1
9,1244,education,>=7,female div/dep/mar,41,unskilled resident,1,none,0
36,1842,new car,<1,female div/dep/mar,34,skilled,1,yes,1
7,2576,radio/tv,1<=X<4,male single,35,skilled,1,none,0
12,1424,furniture/equipment,>=7,female div/dep/mar,55,high qualif/self emp/mgmt,1,yes,0
15,1512,repairs,1<=X<4,male mar/wid,61,skilled,1,none,1
36,11054,used car,1<=X<4,male single,30,high qualif/self emp/mgmt,1,yes,0
6,518,radio/tv,1<=X<4,female div/dep/mar,29,skilled,1,none,0
12,2759,furniture/equipment,>=7,male single,34,skilled,1,none,0
24,2670,used car,>=7,male single,35,high qualif/self emp/mgmt,1,yes,0
24,4817,new car,4<=X<7,male single,31,skilled,1,yes,1
24,2679,used car,<1,female div/dep/mar,29,high qualif/self emp/mgmt,1,yes,0
11,3905,new car,1<=X<4,male single,36,skilled,2,none,0
12,3386,used car,>=7,male single,35,skilled,1,yes,1
6,343,domestic appliance,<1,female div/dep/mar,27,skilled,1,none,0
18,4594,radio/tv,<1,male single,32,skilled,1,yes,0
36,3620,furniture/equipment,1<=X<4,male single,37,skilled,2,none,0
15,1721,new car,<1,male single,36,skilled,1,none,0
12,3017,furniture/equipment,<1,female div/dep/mar,34,high qualif/self emp/mgmt,1,none,0
12,754,retraining,>=7,male single,38,skilled,1,none,0
18,1950,business,4<=X<7,male single,34,skilled,1,yes,0
24,2924,used car,1<=X<4,male single,63,skilled,2,yes,0
24,1659,radio/tv,<1,female div/dep/mar,29,unskilled resident,1,yes,1
48,7238,radio/tv,>=7,male single,32,skilled,2,none,0
33,2764,business,1<=X<4,female div/dep/mar,26,skilled,1,yes,0
24,4679,used car,4<=X<7,male single,35,unskilled resident,1,yes,0
24,3092,radio/tv,<1,male mar/wid,22,skilled,1,yes,1
6,448,education,<1,female div/dep/mar,23,skilled,1,none,1
9,654,new car,1<=X<4,male single,28,unskilled resident,1,none,1
6,1238,retraining,unemployed,male single,36,high qualif/self emp/mgmt,2,yes,0
18,1245,radio/tv,1<=X<4,male mar/wid,33,skilled,1,none,1
18,3114,furniture/equipment,<1,female div/dep/mar,26,skilled,1,none,1
39,2569,used car,1<=X<4,male single,24,skilled,1,none,0
24,5152,radio/tv,4<=X<7,male single,25,skilled,1,none,0
12,1037,business,4<=X<7,male single,39,unskilled resident,1,none,0
15,1478,furniture/equipment,>=7,male single,44,skilled,2,yes,0
12,3573,radio/tv,1<=X<4,female div/dep/mar,23,unskilled resident,1,none,0
24,1201,new car,<1,male single,26,skilled,1,none,0
30,3622,furniture/equipment,>=7,female div/dep/mar,57,skilled,1,yes,0
15,960,furniture/equipment,4<=X<7,female div/dep/mar,30,skilled,1,none,0
12,1163,new car,1<=X<4,male single,44,skilled,1,yes,0
6,1209,new car,unemployed,male single,47,high qualif/self emp/mgmt,1,yes,1
12,3077,radio/tv,1<=X<4,male single,52,skilled,1,yes,0
24,3757,new car,>=7,female div/dep/mar,62,skilled,1,yes,0
10,1418,new car,1<=X<4,male single,35,unskilled resident,1,none,0
6,3518,new car,1<=X<4,male single,26,skilled,1,none,0
12,1934,radio/tv,>=7,male single,26,skilled,1,none,0
27,8318,business,>=7,female div/dep/mar,42,high qualif/self emp/mgmt,1,yes,1
6,1237,radio/tv,1<=X<4,female div/dep/mar,27,skilled,1,none,0
6,368,radio/tv,>=7,male single,38,skilled,1,none,0
12,2122,new car,1<=X<4,male single,39,unskilled resident,2,none,0
24,2996,furniture/equipment,1<=X<4,male mar/wid,20,skilled,1,none,1
36,9034,furniture/equipment,<1,male single,29,high qualif/self emp/mgmt,1,yes,1
24,1585,furniture/equipment,4<=X<7,male single,40,skilled,1,none,0
18,1301,radio/tv,>=7,male mar/wid,32,unskilled resident,1,none,0
6,1323,new car,>=7,male div/sep,28,skilled,2,yes,0
24,3123,new car,<1,female div/dep/mar,27,skilled,1,none,1
36,5493,used car,>=7,male single,42,skilled,2,none,0
9,1126,radio/tv,>=7,male div/sep,49,skilled,1,none,0
24,1216,radio/tv,<1,male single,38,skilled,2,none,1
24,1207,new car,<1,female div/dep/mar,24,skilled,1,none,1
10,1309,new car,1<=X<4,male single,27,unskilled resident,1,none,1
15,2360,used car,1<=X<4,male single,36,skilled,1,yes,0
15,6850,new car,unemployed,male single,34,high qualif/self emp/mgmt,2,yes,1
24,1413,radio/tv,1<=X<4,male mar/wid,28,skilled,1,none,0
39,8588,used car,>=7,male single,45,high qualif/self emp/mgmt,1,yes,0
12,759,new car,4<=X<7,male single,26,skilled,1,none,1
36,4686,used car,1<=X<4,male single,32,high qualif/self emp/mgmt,1,yes,0
15,2687,business,4<=X<7,male single,26,skilled,1,yes,0
12,585,radio/tv,1<=X<4,male mar/wid,20,skilled,1,none,0
24,2255,new car,<1,male single,54,skilled,1,none,0
6,609,new car,4<=X<7,female div/dep/mar,37,skilled,1,none,0
6,1361,new car,<1,male single,40,unskilled resident,2,none,0
36,7127,furniture/equipment,<1,female div/dep/mar,23,skilled,1,yes,1
6,1203,new car,>=7,male single,43,skilled,1,yes,0
6,700,radio/tv,>=7,male single,36,skilled,1,none,0
24,5507,repairs,>=7,male single,44,skilled,1,none,0
18,3190,radio/tv,1<=X<4,female div/dep/mar,24,skilled,1,none,1
48,7119,furniture/equipment,1<=X<4,male single,53,skilled,2,none,1
24,3488,used car,4<=X<7,female div/dep/mar,23,skilled,1,none,0
18,1113,radio/tv,1<=X<4,female div/dep/mar,26,unskilled resident,2,none,0
26,7966,used car,<1,male single,30,skilled,1,none,0
15,1532,education,1<=X<4,female div/dep/mar,31,skilled,1,none,0
4,1503,radio/tv,4<=X<7,male single,42,unskilled resident,2,none,0
36,2302,radio/tv,1<=X<4,male div/sep,31,skilled,1,none,1
6,662,new car,<1,male single,41,unskilled resident,2,yes,0
36,2273,education,4<=X<7,male single,32,skilled,2,none,0
15,2631,new car,1<=X<4,female div/dep/mar,28,skilled,1,yes,1
12,1503,used car,1<=X<4,male mar/wid,41,skilled,1,none,0
24,1311,radio/tv,4<=X<7,male mar/wid,26,skilled,1,yes,0
24,3105,radio/tv,<1,male single,25,skilled,1,none,0
21,2319,education,<1,male div/sep,33,skilled,1,none,1
6,1374,new car,unemployed,female div/dep/mar,75,high qualif/self emp/mgmt,1,yes,0
18,3612,furniture/equipment,>=7,female div/dep/mar,37,skilled,1,yes,0
48,7763,new car,>=7,male single,42,high qualif/self emp/mgmt,1,none,1
18,3049,furniture/equipment,<1,female div/dep/mar,45,unskilled resident,1,none,0
12,1534,radio/tv,<1,male mar/wid,23,skilled,1,none,1
24,2032,new car,>=7,male single,60,skilled,1,yes,0
30,6350,furniture/equipment,>=7,male single,31,skilled,1,none,1
18,2864,furniture/equipment,1<=X<4,male single,34,unskilled resident,2,none,1
12,1255,new car,>=7,male single,61,unskilled resident,1,none,0
24,1333,new car,unemployed,male single,43,skilled,2,none,1
24,2022,new car,1<=X<4,female div/dep/mar,37,skilled,1,yes,0
24,1552,radio/tv,4<=X<7,male single,32,skilled,2,none,0
12,626,radio/tv,1<=X<4,female div/dep/mar,24,unskilled resident,1,none,1
48,8858,used car,4<=X<7,male single,35,skilled,1,yes,0
12,996,repairs,4<=X<7,female div/dep/mar,23,skilled,1,none,0
6,1750,radio/tv,>=7,male single,45,unskilled resident,2,none,0
48,6999,radio/tv,4<=X<7,male mar/wid,34,skilled,1,yes,1
12,1995,new car,<1,male single,27,skilled,1,none,0
9,1199,education,4<=X<7,female div/dep/mar,67,high qualif/self emp/mgmt,1,yes,0
12,1331,radio/tv,<1,male single,22,skilled,1,none,1
18,2278,new car,<1,female div/dep/mar,28,skilled,1,none,1
21,5003,new car,1<=X<4,female div/dep/mar,29,skilled,1,yes,1
24,3552,furniture/equipment,4<=X<7,male single,27,skilled,1,none,1
18,1928,furniture/equipment,<1,male single,31,unskilled resident,1,none,1
24,2964,used car,>=7,male single,49,skilled,2,yes,0
24,1546,radio/tv,4<=X<7,male single,24,unskilled resident,1,none,1
6,683,radio/tv,<1,female div/dep/mar,29,skilled,1,none,0
36,12389,new car,1<=X<4,male single,37,skilled,1,yes,1
24,4712,business,1<=X<4,male single,37,high qualif/self emp/mgmt,1,yes,0
24,1553,radio/tv,4<=X<7,female div/dep/mar,23,skilled,1,yes,0
12,1372,new car,4<=X<7,male div/sep,36,skilled,1,none,1
24,2578,radio/tv,>=7,male single,34,skilled,1,none,0
48,3979,radio/tv,4<=X<7,male single,41,skilled,2,yes,0
48,6758,radio/tv,1<=X<4,female div/dep/mar,31,skilled,1,yes,1
24,3234,furniture/equipment,<1,female div/dep/mar,23,unskilled resident,1,yes,1
30,5954,radio/tv,4<=X<7,male single,38,skilled,1,none,0
24,5433,used car,unemployed,female div/dep/mar,26,high qualif/self emp/mgmt,1,yes,0
15,806,business,1<=X<4,female div/dep/mar,22,unskilled resident,1,none,0
9,1082,radio/tv,>=7,male single,27,unskilled resident,1,none,0
15,2788,furniture/equipment,4<=X<7,female div/dep/mar,24,skilled,1,none,0
12,2930,radio/tv,4<=X<7,female div/dep/mar,27,skilled,1,none,0
24,1927,education,1<=X<4,female div/dep/mar,33,skilled,1,yes,0
36,2820,new car,<1,male div/sep,27,skilled,1,none,1
24,937,retraining,<1,male mar/wid,27,unskilled resident,1,none,0
18,1056,new car,>=7,male single,30,skilled,1,none,1
12,3124,new car,<1,male single,49,unskilled resident,2,none,0
9,1388,furniture/equipment,1<=X<4,female div/dep/mar,26,skilled,1,none,0
36,2384,repairs,<1,male single,33,unskilled resident,1,none,1
12,2133,new car,>=7,female div/dep/mar,52,high qualif/self emp/mgmt,1,yes,0
18,2039,furniture/equipment,1<=X<4,female div/dep/mar,20,skilled,1,none,1
9,2799,new car,1<=X<4,male single,36,skilled,2,none,0
12,1289,furniture/equipment,1<=X<4,male single,21,unskilled resident,1,none,0
18,1217,domestic appliance,1<=X<4,male mar/wid,47,unskilled resident,1,yes,1
12,2246,furniture/equipment,>=7,male single,60,skilled,1,none,1
12,385,radio/tv,4<=X<7,female div/dep/mar,58,unskilled resident,1,yes,0
24,1965,new car,1<=X<4,female div/dep/mar,42,skilled,1,yes,0
21,1572,business,>=7,female div/dep/mar,36,unskilled resident,1,none,0
24,2718,new car,1<=X<4,female div/dep/mar,20,unskilled resident,1,yes,1
24,1358,other,>=7,male single,40,high qualif/self emp/mgmt,1,yes,1
6,931,new car,<1,female div/dep/mar,32,unskilled resident,1,none,1
24,1442,new car,4<=X<7,female div/dep/mar,23,skilled,1,none,1
24,4241,business,1<=X<4,male single,36,unskilled resident,1,yes,1
18,2775,new car,4<=X<7,male single,31,skilled,1,none,1
24,3863,business,1<=X<4,male single,32,skilled,1,none,0
7,2329,radio/tv,<1,female div/dep/mar,45,skilled,1,none,0
9,918,furniture/equipment,1<=X<4,female div/dep/mar,30,skilled,1,none,1
24,1837,education,4<=X<7,female div/dep/mar,34,unskilled resident,1,none,1
36,3349,furniture/equipment,1<=X<4,female div/dep/mar,28,high qualif/self emp/mgmt,1,yes,1
10,1275,furniture/equipment,<1,female div/dep/mar,23,skilled,1,none,0
24,2828,furniture/equipment,1<=X<4,male single,22,skilled,1,yes,0
24,4526,business,1<=X<4,male single,74,high qualif/self emp/mgmt,1,yes,0
36,2671,radio/tv,1<=X<4,female div/dep/mar,50,skilled,1,none,1
18,2051,radio/tv,<1,male single,33,skilled,1,none,0
15,1300,used car,>=7,male single,45,skilled,2,none,0
12,741,domestic appliance,unemployed,female div/dep/mar,22,skilled,1,none,1
10,1240,new car,>=7,female div/dep/mar,48,unskilled resident,2,none,1
21,3357,radio/tv,<1,female div/dep/mar,29,skilled,1,none,0
24,3632,used car,1<=X<4,female div/dep/mar,22,skilled,1,none,0
18,1808,furniture/equipment,4<=X<7,female div/dep/mar,22,skilled,1,none,1
48,12204,business,1<=X<4,male single,48,high qualif/self emp/mgmt,1,yes,0
60,9157,radio/tv,1<=X<4,male single,27,high qualif/self emp/mgmt,1,none,0
6,3676,new car,1<=X<4,male single,37,skilled,2,none,0
30,3441,furniture/equipment,1<=X<4,female div/dep/mar,21,skilled,1,none,1
12,640,new car,1<=X<4,male div/sep,49,unskilled resident,1,none,0
21,3652,business,4<=X<7,male single,27,skilled,1,none,0
18,1530,new car,1<=X<4,male single,32,skilled,1,none,1
48,3914,business,1<=X<4,male div/sep,38,skilled,1,none,1
12,1858,furniture/equipment,<1,female div/dep/mar,22,skilled,1,none,0
18,2600,radio/tv,1<=X<4,male single,65,skilled,1,none,1
15,1979,radio/tv,>=7,male single,35,skilled,1,none,0
6,2116,furniture/equipment,1<=X<4,male single,41,skilled,1,yes,0
9,1437,new car,4<=X<7,male single,29,skilled,1,none,1
42,4042,furniture/equipment,1<=X<4,male single,36,skilled,1,yes,0
9,3832,education,>=7,male single,64,unskilled resident,1,none,0
24,3660,radio/tv,1<=X<4,female div/dep/mar,28,skilled,1,none,0
18,1553,furniture/equipment,1<=X<4,male single,44,skilled,1,none,1
15,1444,radio/tv,<1,male single,23,skilled,1,none,0
9,1980,furniture/equipment,<1,female div/dep/mar,19,skilled,1,none,1
24,1355,new car,<1,female div/dep/mar,25,unskilled resident,1,yes,1
12,1393,education,>=7,male single,47,skilled,2,yes,0
24,1376,radio/tv,4<=X<7,female div/dep/mar,28,skilled,1,none,0
60,15653,radio/tv,4<=X<7,male single,21,skilled,1,yes,0
12,1493,radio/tv,<1,female div/dep/mar,34,skilled,2,none,0
42,4370,radio/tv,4<=X<7,male single,26,skilled,2,yes,1
18,750,education,unemployed,female div/dep/mar,27,unemp/unskilled non res,1,none,1
15,1308,repairs,>=7,male single,38,unskilled resident,1,none,0
15,4623,education,1<=X<4,male single,40,high qualif/self emp/mgmt,1,yes,1
24,1851,radio/tv,4<=X<7,male mar/wid,33,skilled,1,yes,0
18,1880,radio/tv,4<=X<7,male mar/wid,32,high qualif/self emp/mgmt,1,yes,0
36,7980,business,<1,male single,27,skilled,1,yes,1
30,4583,furniture/equipment,1<=X<4,male div/sep,32,skilled,1,none,0
12,1386,new car,1<=X<4,female div/dep/mar,26,skilled,1,none,1
24,947,new car,4<=X<7,male single,38,skilled,2,none,1
12,684,education,1<=X<4,male single,40,unskilled resident,2,none,1
48,7476,education,4<=X<7,male single,50,high qualif/self emp/mgmt,1,yes,0
12,1922,furniture/equipment,1<=X<4,male single,37,unskilled resident,1,none,1
24,2303,new car,>=7,male single,45,skilled,1,none,1
36,8086,new car,>=7,male single,42,high qualif/self emp/mgmt,1,yes,1
24,2346,used car,4<=X<7,male single,35,skilled,1,yes,0
14,3973,new car,unemployed,male single,22,skilled,1,none,0
12,888,new car,>=7,male single,41,unskilled resident,2,none,1
48,10222,radio/tv,4<=X<7,male single,37,skilled,1,yes,0
30,4221,business,1<=X<4,female div/dep/mar,28,skilled,1,none,0
18,6361,furniture/equipment,>=7,male single,41,skilled,1,yes,0
12,1297,radio/tv,1<=X<4,male mar/wid,23,skilled,1,none,0
12,900,new car,1<=X<4,male mar/wid,23,skilled,1,none,1
21,2241,furniture/equipment,>=7,male single,50,skilled,1,none,0
6,1050,furniture/equipment,unemployed,male single,35,high qualif/self emp/mgmt,1,yes,0
6,1047,education,1<=X<4,female div/dep/mar,50,unskilled resident,1,none,0
24,6314,other,unemployed,male single,27,high qualif/self emp/mgmt,1,yes,0
30,3496,furniture/equipment,1<=X<4,male single,34,skilled,2,yes,0
48,3609,business,1<=X<4,female div/dep/mar,27,skilled,1,none,0
12,4843,new car,>=7,male single,43,skilled,1,yes,1
30,3017,radio/tv,>=7,male single,47,skilled,1,none,0
24,4139,business,1<=X<4,male single,27,unskilled resident,1,yes,0
36,5742,business,4<=X<7,male single,31,skilled,1,yes,0
60,10366,new car,>=7,male single,42,high qualif/self emp/mgmt,1,yes,0
6,2080,new car,1<=X<4,male mar/wid,24,skilled,1,none,0
21,2580,business,<1,male single,41,unskilled resident,2,none,1
30,4530,radio/tv,4<=X<7,female div/dep/mar,26,high qualif/self emp/mgmt,1,yes,0
24,5150,furniture/equipment,>=7,male single,33,skilled,1,yes,0
72,5595,radio/tv,1<=X<4,male mar/wid,24,skilled,1,none,1
24,2384,radio/tv,>=7,male single,64,unskilled resident,1,none,0
18,1453,radio/tv,<1,female div/dep/mar,26,skilled,1,none,0
6,1538,education,<1,female div/dep/mar,56,skilled,1,none,0
12,2279,radio/tv,1<=X<4,male single,37,skilled,1,yes,0
15,1478,radio/tv,1<=X<4,male mar/wid,33,skilled,1,none,0
24,5103,radio/tv,<1,male mar/wid,47,skilled,1,yes,0
36,9857,business,4<=X<7,male single,31,unskilled resident,2,yes,0
60,6527,new car,1<=X<4,male single,34,skilled,2,yes,0
10,1347,radio/tv,4<=X<7,male single,27,skilled,1,yes,0
36,2862,new car,>=7,male single,30,skilled,1,none,0
9,2753,radio/tv,>=7,male single,35,skilled,1,yes,0
12,3651,new car,1<=X<4,male single,31,skilled,2,none,0
15,975,furniture/equipment,1<=X<4,male div/sep,25,skilled,1,none,0
15,2631,repairs,1<=X<4,female div/dep/mar,25,unskilled resident,1,none,0
24,2896,radio/tv,<1,male single,29,skilled,1,none,0
6,4716,new car,<1,male single,44,unskilled resident,2,none,0
24,2284,radio/tv,4<=X<7,male single,28,skilled,1,yes,0
6,1236,used car,1<=X<4,male single,50,skilled,1,none,0
12,1103,radio/tv,4<=X<7,male single,29,skilled,1,none,0
12,926,new car,unemployed,female div/dep/mar,38,unemp/unskilled non res,1,none,0
18,1800,radio/tv,1<=X<4,male single,24,skilled,1,none,0
15,1905,education,>=7,male single,40,high qualif/self emp/mgmt,1,yes,0
12,1123,furniture/equipment,1<=X<4,female div/dep/mar,29,unskilled resident,1,none,1
48,6331,used car,>=7,male single,46,skilled,1,yes,1
24,1377,radio/tv,>=7,female div/dep/mar,47,skilled,1,yes,0
30,2503,business,>=7,male single,41,skilled,1,none,0
27,2528,business,<1,female div/dep/mar,32,skilled,2,yes,0
15,5324,new car,>=7,female div/dep/mar,35,skilled,1,none,0
48,6560,new car,4<=X<7,male single,24,skilled,1,none,1
12,2969,furniture/equipment,<1,female div/dep/mar,25,skilled,1,none,1
9,1206,radio/tv,>=7,female div/dep/mar,25,skilled,1,none,0
9,2118,radio/tv,1<=X<4,male single,37,unskilled resident,2,none,0
18,629,radio/tv,>=7,male single,32,high qualif/self emp/mgmt,1,yes,0
6,1198,education,>=7,female div/dep/mar,35,skilled,1,none,1
21,2476,used car,>=7,male single,46,high qualif/self emp/mgmt,1,yes,0
9,1138,radio/tv,1<=X<4,male single,25,unskilled resident,1,none,0
60,14027,new car,4<=X<7,male single,27,high qualif/self emp/mgmt,1,yes,1
30,7596,used car,>=7,male single,63,skilled,1,none,0
30,3077,radio/tv,>=7,male single,40,skilled,2,yes,0
18,1505,radio/tv,1<=X<4,male single,32,high qualif/self emp/mgmt,1,yes,0
24,3148,radio/tv,1<=X<4,male single,31,skilled,1,yes,0
20,6148,used car,>=7,male mar/wid,31,skilled,1,yes,0
9,1337,radio/tv,<1,male single,34,high qualif/self emp/mgmt,1,yes,1
6,433,education,<1,female div/dep/mar,24,skilled,2,none,1
12,1228,new car,1<=X<4,female div/dep/mar,24,unskilled resident,1,none,1
9,790,radio/tv,1<=X<4,female div/dep/mar,66,unskilled resident,1,none,0
27,2570,new car,1<=X<4,female div/dep/mar,21,skilled,1,none,1
6,250,new car,1<=X<4,female div/dep/mar,41,unskilled resident,1,none,0
15,1316,radio/tv,1<=X<4,male mar/wid,47,unskilled resident,1,none,0
18,1882,radio/tv,1<=X<4,female div/dep/mar,25,skilled,1,none,1
48,6416,business,>=7,female div/dep/mar,59,skilled,1,none,1
24,1275,business,1<=X<4,male div/sep,36,skilled,1,yes,0
24,6403,radio/tv,<1,male single,33,skilled,1,none,0
24,1987,radio/tv,1<=X<4,male single,21,unskilled resident,2,none,1
8,760,radio/tv,4<=X<7,female div/dep/mar,44,unskilled resident,1,none,0
24,2603,used car,1<=X<4,female div/dep/mar,28,skilled,1,yes,0
4,3380,new car,4<=X<7,female div/dep/mar,37,skilled,2,none,0
36,3990,domestic appliance,<1,female div/dep/mar,29,unemp/unskilled non res,1,none,0
24,11560,used car,1<=X<4,female div/dep/mar,23,high qualif/self emp/mgmt,1,none,1
18,4380,new car,1<=X<4,male single,35,unskilled resident,2,yes,0
6,6761,new car,4<=X<7,male single,45,high qualif/self emp/mgmt,2,yes,0
30,4280,business,1<=X<4,female div/dep/mar,26,unskilled resident,1,none,1
24,2325,new car,4<=X<7,male single,32,skilled,1,none,0
10,1048,radio/tv,1<=X<4,male single,23,unskilled resident,1,none,0
21,3160,radio/tv,>=7,male single,41,skilled,1,yes,0
24,2483,furniture/equipment,1<=X<4,male single,22,skilled,1,yes,0
39,14179,furniture/equipment,4<=X<7,male single,30,high qualif/self emp/mgmt,1,yes,0
13,1797,business,<1,male single,28,unskilled resident,1,none,0
15,2511,new car,unemployed,female div/dep/mar,23,skilled,1,none,0
12,1274,new car,<1,female div/dep/mar,37,unskilled resident,1,none,1
21,5248,used car,1<=X<4,male single,26,skilled,1,none,0
15,3029,used car,4<=X<7,male single,33,skilled,1,none,0
6,428,furniture/equipment,>=7,female div/dep/mar,49,skilled,1,yes,0
18,976,new car,<1,female div/dep/mar,23,unskilled resident,1,none,1
12,841,business,4<=X<7,female div/dep/mar,23,unskilled resident,1,none,0
30,5771,radio/tv,4<=X<7,female div/dep/mar,25,skilled,1,none,0
12,1555,repairs,>=7,male single,55,skilled,2,none,1
24,1285,new car,4<=X<7,female div/dep/mar,32,skilled,1,none,1
6,1299,new car,1<=X<4,male single,74,unemp/unskilled non res,2,none,0
15,1271,radio/tv,1<=X<4,male single,39,skilled,1,yes,1
24,1393,new car,1<=X<4,male single,31,skilled,1,yes,0
12,691,new car,>=7,male single,35,skilled,1,none,1
15,5045,new car,>=7,female div/dep/mar,59,skilled,1,yes,0
18,2124,furniture/equipment,1<=X<4,female div/dep/mar,24,skilled,1,none,1
12,2214,radio/tv,1<=X<4,male single,24,unskilled resident,1,none,0
21,12680,new car,>=7,male single,30,high qualif/self emp/mgmt,1,yes,1
24,2463,new car,4<=X<7,male mar/wid,27,skilled,1,yes,0
12,1155,radio/tv,>=7,male mar/wid,40,unskilled resident,1,none,0
30,3108,furniture/equipment,<1,male div/sep,31,unskilled resident,1,none,1
10,2901,used car,<1,female div/dep/mar,31,skilled,1,none,0
12,3617,furniture/equipment,>=7,male single,28,skilled,1,yes,0
12,1655,radio/tv,>=7,male single,63,unskilled resident,1,yes,0
24,2812,used car,>=7,female div/dep/mar,26,skilled,1,none,0
36,8065,education,1<=X<4,female div/dep/mar,25,high qualif/self emp/mgmt,1,yes,1
21,3275,used car,>=7,male single,36,high qualif/self emp/mgmt,1,yes,0
24,2223,radio/tv,>=7,male single,52,skilled,1,none,0
12,1480,new car,unemployed,male single,66,unemp/unskilled non res,1,none,0
24,1371,new car,1<=X<4,female div/dep/mar,25,skilled,1,none,1
36,3535,new car,4<=X<7,male single,37,skilled,1,yes,0
18,3509,radio/tv,4<=X<7,female div/dep/mar,25,skilled,1,none,0
36,5711,used car,>=7,male single,38,high qualif/self emp/mgmt,1,yes,0
18,3872,repairs,unemployed,female div/dep/mar,67,skilled,1,yes,0
39,4933,radio/tv,4<=X<7,male single,25,skilled,1,none,1
24,1940,new car,>=7,male single,60,skilled,1,yes,0
12,1410,retraining,1<=X<4,male single,31,unskilled resident,1,yes,0
12,836,new car,<1,female div/dep/mar,23,unskilled resident,1,none,1
20,6468,used car,unemployed,male div/sep,60,high qualif/self emp/mgmt,1,yes,0
18,1941,business,1<=X<4,male single,35,unskilled resident,1,yes,0
22,2675,radio/tv,>=7,male single,40,skilled,1,none,0
48,2751,used car,>=7,male single,38,skilled,2,yes,0
48,6224,education,>=7,male single,50,skilled,1,none,1
40,5998,education,1<=X<4,male single,27,skilled,1,yes,1
21,1188,business,>=7,female div/dep/mar,39,skilled,2,none,1
24,6313,used car,>=7,male single,41,high qualif/self emp/mgmt,2,yes,0
6,1221,furniture/equipment,1<=X<4,male mar/wid,27,skilled,1,none,0
24,2892,furniture/equipment,>=7,male div/sep,51,skilled,1,none,0
24,3062,furniture/equipment,>=7,male single,32,skilled,1,yes,0
9,2301,furniture/equipment,<1,female div/dep/mar,22,skilled,1,none,0
18,7511,used car,>=7,male single,51,skilled,2,yes,1
12,1258,furniture/equipment,<1,female div/dep/mar,22,unskilled resident,1,none,0
24,717,new car,>=7,male mar/wid,54,skilled,1,yes,0
9,1549,new car,<1,male single,35,unemp/unskilled non res,1,none,0
24,1597,education,>=7,male single,54,skilled,2,none,0
18,1795,radio/tv,>=7,female div/dep/mar,48,unskilled resident,1,yes,0
20,4272,furniture/equipment,>=7,female div/dep/mar,24,skilled,1,none,0
12,976,radio/tv,>=7,male single,35,skilled,1,none,0
12,7472,new car,unemployed,female div/dep/mar,24,unemp/unskilled non res,1,none,0
36,9271,new car,4<=X<7,male single,24,skilled,1,yes,1
6,590,radio/tv,<1,male mar/wid,26,unskilled resident,1,none,0
12,930,radio/tv,>=7,male single,65,skilled,1,none,0
42,9283,used car,unemployed,male single,55,high qualif/self emp/mgmt,1,yes,0
15,1778,new car,<1,female div/dep/mar,26,unemp/unskilled non res,1,none,1
8,907,business,<1,male mar/wid,26,skilled,1,yes,0
6,484,radio/tv,4<=X<7,male mar/wid,28,unskilled resident,1,none,0
36,9629,used car,4<=X<7,male single,24,skilled,1,yes,1
48,3051,domestic appliance,1<=X<4,male single,54,skilled,1,none,1
48,3931,new car,4<=X<7,male single,46,skilled,2,none,1
36,7432,new car,1<=X<4,female div/dep/mar,54,skilled,1,none,0
6,1338,domestic appliance,1<=X<4,male div/sep,62,skilled,1,none,0
6,1554,radio/tv,4<=X<7,female div/dep/mar,24,skilled,1,yes,0
36,15857,other,unemployed,male div/sep,43,high qualif/self emp/mgmt,1,none,0
18,1345,radio/tv,1<=X<4,male mar/wid,26,skilled,1,none,1
12,1101,new car,1<=X<4,male mar/wid,27,skilled,1,yes,0
12,3016,radio/tv,1<=X<4,male mar/wid,24,skilled,1,none,0
36,2712,furniture/equipment,>=7,male single,41,skilled,2,none,1
8,731,new car,>=7,male single,47,unskilled resident,1,none,0
18,3780,furniture/equipment,<1,male div/sep,35,high qualif/self emp/mgmt,1,yes,0
21,1602,new car,>=7,male mar/wid,30,skilled,1,yes,0
18,3966,new car,>=7,female div/dep/mar,33,skilled,1,yes,1
18,4165,business,1<=X<4,male single,36,skilled,2,none,1
36,8335,used car,>=7,male single,47,skilled,1,none,1
48,6681,business,1<=X<4,male single,38,skilled,2,yes,0
24,2375,business,1<=X<4,male single,44,skilled,2,yes,0
18,1216,new car,<1,female div/dep/mar,23,skilled,1,yes,1
45,11816,business,>=7,male single,29,skilled,1,none,1
24,5084,radio/tv,>=7,female div/dep/mar,42,skilled,1,yes,0
15,2327,radio/tv,<1,female div/dep/mar,25,unskilled resident,1,none,1
12,1082,new car,1<=X<4,male single,48,skilled,1,none,1
12,886,radio/tv,1<=X<4,female div/dep/mar,21,skilled,1,none,0
4,601,furniture/equipment,<1,female div/dep/mar,23,unskilled resident,2,none,0
24,2957,used car,>=7,male single,63,skilled,1,yes,0
24,2611,radio/tv,>=7,male mar/wid,46,skilled,1,none,0
36,5179,furniture/equipment,4<=X<7,male single,29,skilled,1,none,1
21,2993,used car,1<=X<4,male single,28,unskilled resident,1,none,0
18,1943,repairs,<1,female div/dep/mar,23,skilled,1,none,1
24,1559,business,4<=X<7,male single,50,skilled,1,yes,0
18,3422,furniture/equipment,>=7,male single,47,skilled,2,yes,0
21,3976,furniture/equipment,4<=X<7,male single,35,skilled,1,yes,0
18,6761,new car,1<=X<4,male single,68,skilled,1,none,1
24,1249,new car,<1,male mar/wid,28,skilled,1,none,0
9,1364,radio/tv,4<=X<7,male single,59,skilled,1,none,0
12,709,radio/tv,>=7,male single,57,unskilled resident,1,none,1
20,2235,new car,1<=X<4,male mar/wid,33,skilled,1,none,1
24,4042,used car,4<=X<7,male single,43,skilled,1,yes,0
15,1471,radio/tv,1<=X<4,male single,35,skilled,1,yes,0
18,1442,new car,4<=X<7,male single,32,unskilled resident,2,none,1
36,10875,new car,>=7,male single,45,skilled,2,yes,0
24,1474,new car,<1,male mar/wid,33,skilled,1,yes,0
10,894,retraining,4<=X<7,female div/dep/mar,40,skilled,1,yes,0
15,3343,furniture/equipment,1<=X<4,male single,28,skilled,1,yes,0
15,3959,new car,1<=X<4,female div/dep/mar,29,skilled,1,yes,1
9,3577,new car,1<=X<4,male single,26,skilled,2,none,0
24,5804,used car,1<=X<4,male single,27,skilled,1,none,0
18,2169,business,1<=X<4,male mar/wid,28,skilled,1,yes,1
24,2439,radio/tv,<1,female div/dep/mar,35,skilled,1,yes,1
27,4526,furniture/equipment,<1,male single,32,unskilled resident,2,yes,0
10,2210,furniture/equipment,1<=X<4,male single,25,unskilled resident,1,none,1
15,2221,furniture/equipment,1<=X<4,female div/dep/mar,20,skilled,1,none,0
18,2389,radio/tv,<1,female div/dep/mar,27,skilled,1,none,0
12,3331,furniture/equipment,>=7,male single,42,skilled,1,none,0
36,7409,business,>=7,male single,37,skilled,1,none,0
12,652,furniture/equipment,>=7,female div/dep/mar,24,skilled,1,none,0
36,7678,furniture/equipment,4<=X<7,female div/dep/mar,40,skilled,1,yes,0
6,1343,new car,>=7,male single,46,skilled,2,none,0
24,1382,business,4<=X<7,male single,26,skilled,1,yes,0
15,874,domestic appliance,<1,female div/dep/mar,24,skilled,1,none,0
12,3590,furniture/equipment,1<=X<4,male single,29,unskilled resident,2,none,0
11,1322,new car,1<=X<4,female div/dep/mar,40,skilled,1,none,0
18,1940,radio/tv,<1,male single,36,high qualif/self emp/mgmt,1,yes,0
36,3595,radio/tv,>=7,male single,28,skilled,1,none,0
9,1422,new car,<1,male single,27,high qualif/self emp/mgmt,1,yes,1
30,6742,radio/tv,4<=X<7,male single,36,skilled,1,none,0
24,7814,used car,4<=X<7,male single,38,high qualif/self emp/mgmt,1,yes,0
24,9277,used car,1<=X<4,male div/sep,48,skilled,1,yes,0
30,2181,new car,>=7,male single,36,skilled,1,none,0
18,1098,radio/tv,unemployed,female div/dep/mar,65,unemp/unskilled non res,1,none,0
24,4057,furniture/equipment,4<=X<7,male div/sep,43,skilled,1,yes,1
12,795,education,<1,female div/dep/mar,53,skilled,1,none,1
24,2825,business,4<=X<7,male single,34,skilled,2,yes,0
48,15672,business,1<=X<4,male single,23,skilled,1,yes,1
36,6614,new car,>=7,male single,34,high qualif/self emp/mgmt,1,yes,0
28,7824,used car,<1,male single,40,skilled,2,yes,0
27,2442,business,>=7,male single,43,high qualif/self emp/mgmt,2,yes,0
15,1829,radio/tv,>=7,male single,46,skilled,1,yes,0
12,2171,new car,1<=X<4,male single,38,unskilled resident,1,none,0
36,5800,used car,1<=X<4,male single,34,skilled,1,yes,0
18,1169,radio/tv,1<=X<4,male single,29,skilled,1,yes,0
36,8947,used car,4<=X<7,male single,31,high qualif/self emp/mgmt,2,yes,0
21,2606,radio/tv,<1,female div/dep/mar,28,high qualif/self emp/mgmt,1,yes,0
12,1592,furniture/equipment,4<=X<7,female div/dep/mar,35,skilled,1,none,0
15,2186,furniture/equipment,4<=X<7,female div/dep/mar,33,unskilled resident,1,none,0
18,4153,furniture/equipment,1<=X<4,male single,42,skilled,1,none,1
16,2625,new car,>=7,male single,43,skilled,1,yes,1
20,3485,new car,<1,male div/sep,44,skilled,1,yes,0
36,10477,used car,>=7,male single,42,skilled,1,none,0
15,1386,radio/tv,1<=X<4,male mar/wid,40,skilled,1,yes,0
24,1278,radio/tv,>=7,male single,36,high qualif/self emp/mgmt,1,yes,0
12,1107,radio/tv,1<=X<4,male single,20,high qualif/self emp/mgmt,2,yes,0
21,3763,new car,4<=X<7,male single,24,unskilled resident,1,none,0
36,3711,education,1<=X<4,male mar/wid,27,skilled,1,none,0
15,3594,used car,<1,female div/dep/mar,46,unskilled resident,1,none,0
9,3195,new car,1<=X<4,female div/dep/mar,33,unskilled resident,1,none,0
36,4454,radio/tv,1<=X<4,female div/dep/mar,34,skilled,1,none,0
24,4736,furniture/equipment,<1,female div/dep/mar,25,unskilled resident,1,none,1
30,2991,radio/tv,>=7,female div/dep/mar,25,skilled,1,none,0
11,2142,business,>=7,male div/sep,28,skilled,1,yes,0
24,3161,business,1<=X<4,male single,31,skilled,1,yes,1
48,18424,other,1<=X<4,female div/dep/mar,32,high qualif/self emp/mgmt,1,yes,1
10,2848,used car,1<=X<4,male single,32,skilled,2,none,0
6,14896,new car,>=7,male single,68,high qualif/self emp/mgmt,1,yes,1
24,2359,furniture/equipment,unemployed,male div/sep,33,skilled,1,none,1
24,3345,furniture/equipment,>=7,male single,39,high qualif/self emp/mgmt,1,yes,1
18,1817,furniture/equipment,1<=X<4,female div/dep/mar,28,skilled,1,none,0
48,12749,radio/tv,4<=X<7,male single,37,high qualif/self emp/mgmt,1,yes,0
9,1366,radio/tv,<1,female div/dep/mar,22,skilled,1,none,1
12,2002,new car,4<=X<7,male single,30,skilled,2,yes,0
24,6872,furniture/equipment,<1,male div/sep,55,skilled,1,yes,1
12,697,new car,<1,male single,46,skilled,1,yes,1
18,1049,furniture/equipment,<1,female div/dep/mar,21,skilled,1,none,0
48,10297,used car,4<=X<7,male single,39,skilled,2,yes,1
30,1867,radio/tv,>=7,male single,58,skilled,1,yes,0
12,1344,new car,1<=X<4,male single,43,unskilled resident,2,none,0
24,1747,furniture/equipment,<1,male single,24,unskilled resident,1,none,0
9,1670,radio/tv,<1,female div/dep/mar,22,skilled,1,yes,1
9,1224,new car,1<=X<4,male single,30,skilled,1,none,0
12,522,radio/tv,>=7,male single,42,skilled,2,yes,0
12,1498,radio/tv,1<=X<4,female div/dep/mar,23,skilled,1,none,0
30,1919,radio/tv,<1,male single,30,high qualif/self emp/mgmt,1,none,1
9,745,radio/tv,1<=X<4,female div/dep/mar,28,unskilled resident,1,none,1
6,2063,radio/tv,<1,male mar/wid,30,high qualif/self emp/mgmt,1,yes,0
60,6288,education,1<=X<4,male single,42,skilled,1,none,1
24,6842,used car,1<=X<4,male single,46,high qualif/self emp/mgmt,2,yes,0
12,3527,new car,<1,male single,45,high qualif/self emp/mgmt,2,yes,0
10,1546,new car,1<=X<4,male single,31,unskilled resident,2,none,0
24,929,furniture/equipment,4<=X<7,male single,31,skilled,1,yes,0
4,1455,new car,4<=X<7,male single,42,unskilled resident,2,none,0
15,1845,furniture/equipment,<1,female div/dep/mar,46,skilled,1,none,0
48,8358,new car,<1,female div/dep/mar,30,skilled,1,none,0
24,3349,furniture/equipment,<1,male single,30,skilled,2,yes,1
12,2859,new car,unemployed,male single,38,high qualif/self emp/mgmt,1,yes,0
18,1533,furniture/equipment,<1,male mar/wid,43,unskilled resident,2,none,1
24,3621,radio/tv,>=7,male single,31,skilled,1,none,1
18,3590,business,unemployed,male mar/wid,40,unemp/unskilled non res,2,yes,0
36,2145,business,4<=X<7,male single,24,skilled,1,yes,1
24,4113,used car,<1,female div/dep/mar,28,skilled,1,none,1
36,10974,furniture/equipment,unemployed,female div/dep/mar,26,high qualif/self emp/mgmt,1,yes,1
12,1893,new car,1<=X<4,female div/dep/mar,29,skilled,1,yes,0
24,1231,radio/tv,>=7,female div/dep/mar,57,high qualif/self emp/mgmt,1,yes,0
30,3656,radio/tv,>=7,male single,49,unskilled resident,1,none,0
9,1154,radio/tv,>=7,male single,37,unskilled resident,1,none,0
28,4006,new car,1<=X<4,male single,45,unskilled resident,1,none,1
24,3069,furniture/equipment,>=7,male single,30,skilled,1,none,0
6,1740,radio/tv,>=7,male mar/wid,30,skilled,1,none,0
21,2353,new car,1<=X<4,male div/sep,47,skilled,1,none,0
15,3556,new car,1<=X<4,male single,29,skilled,1,none,0
24,2397,radio/tv,>=7,male single,35,skilled,1,yes,1
6,454,repairs,<1,male mar/wid,22,unskilled resident,1,none,0
30,1715,radio/tv,1<=X<4,female div/dep/mar,26,skilled,1,none,0
27,2520,radio/tv,1<=X<4,male single,23,unskilled resident,1,none,1
15,3568,radio/tv,>=7,female div/dep/mar,54,high qualif/self emp/mgmt,1,yes,0
42,7166,radio/tv,4<=X<7,male mar/wid,29,skilled,1,yes,0
11,3939,new car,1<=X<4,male single,40,unskilled resident,2,none,0
15,1514,repairs,1<=X<4,male single,22,skilled,1,none,0
24,7393,new car,1<=X<4,male single,43,unskilled resident,2,none,0
24,1193,new car,unemployed,female div/dep/mar,29,unemp/unskilled non res,1,none,1
60,7297,business,>=7,male single,36,skilled,1,none,1
30,2831,radio/tv,1<=X<4,female div/dep/mar,33,skilled,1,yes,0
24,1258,radio/tv,1<=X<4,female div/dep/mar,57,unskilled resident,1,none,0
6,753,radio/tv,1<=X<4,female div/dep/mar,64,skilled,1,none,0
18,2427,business,>=7,male single,42,skilled,1,none,0
24,2538,new car,>=7,male single,47,unskilled resident,2,none,1
15,1264,new car,1<=X<4,male mar/wid,25,skilled,1,none,1
30,8386,furniture/equipment,4<=X<7,male single,49,skilled,1,none,1
48,4844,business,unemployed,male single,33,high qualif/self emp/mgmt,1,yes,1
21,2923,new car,1<=X<4,female div/dep/mar,28,high qualif/self emp/mgmt,1,yes,0
36,8229,used car,1<=X<4,male single,26,skilled,2,none,1
24,2028,furniture/equipment,4<=X<7,male single,30,unskilled resident,1,none,0
15,1433,furniture/equipment,1<=X<4,female div/dep/mar,25,skilled,1,none,0
42,6289,business,<1,male div/sep,33,skilled,1,none,0
13,1409,radio/tv,unemployed,female div/dep/mar,64,skilled,1,none,0
24,6579,used car,unemployed,male single,29,high qualif/self emp/mgmt,1,yes,0
24,1743,radio/tv,>=7,male single,48,unskilled resident,1,none,0
12,3565,education,<1,male single,37,unskilled resident,2,none,0
15,1569,radio/tv,>=7,male single,34,unskilled resident,2,none,0
18,1936,radio/tv,4<=X<7,male mar/wid,23,unskilled resident,1,none,0
36,3959,furniture/equipment,unemployed,male single,30,high qualif/self emp/mgmt,1,yes,0
12,2390,new car,>=7,male single,50,skilled,1,yes,0
12,1736,furniture/equipment,4<=X<7,female div/dep/mar,31,unskilled resident,1,none,0
30,3857,used car,1<=X<4,male div/sep,40,high qualif/self emp/mgmt,1,yes,0
12,804,radio/tv,>=7,male single,38,skilled,1,none,0
45,1845,radio/tv,1<=X<4,male single,23,skilled,1,yes,1
45,4576,used car,unemployed,male single,27,skilled,1,none,0
